order_id,product_id,order_quantity,due_date,priority_level,customer_type
O1,PR5,2319,2024-05-31,High,Domestic
O2,PR3,2502,2024-06-08,Medium,Export
O3,PR3,4271,2024-06-07,Medium,Domestic
O4,PR2,1529,2024-06-14,Low,Domestic
O5,PR2,3640,2024-04-03,Low,Domestic
O6,PR4,3031,2024-05-21,Low,Export
O7,PR3,2531,2024-05-27,High,Export
O8,PR5,3528,2024-02-03,Low,Domestic
O9,PR4,2434,2024-03-07,Medium,Domestic
O10,PR2,4599,2024-01-15,High,Export
O11,PR5,2939,2024-03-07,Low,Export
O12,PR1,3369,2024-03-05,Medium,Export
O13,PR1,2484,2024-02-18,Medium,Domestic
O14,PR3,945,2024-05-02,High,Export
O15,PR3,4377,2024-02-01,Medium,Export
O16,PR3,1004,2024-04-22,Medium,Export
O17,PR3,3226,2024-05-20,Low,Export
O18,PR4,890,2024-05-11,Medium,Export
O19,PR3,2039,2024-04-11,Medium,Export
O20,PR3,1048,2024-01-26,Medium,Export
O21,PR5,1527,2024-04-25,High,Export
O22,PR2,3897,2024-04-06,Low,Domestic
O23,PR1,660,2024-03-06,High,Export
O24,PR1,4918,2024-02-27,Medium,Domestic
O25,PR5,1711,2024-05-29,Medium,Export
O26,PR1,4983,2024-05-06,Low,Export
O27,PR2,4542,2024-03-09,Medium,Domestic
O28,PR5,3937,2024-03-03,Low,Export
O29,PR1,1826,2024-04-24,High,Domestic
O30,PR1,1316,2024-02-20,Low,Export
O31,PR1,2985,2024-04-10,Medium,Domestic
O32,PR5,4974,2024-02-27,Medium,Domestic
O33,PR3,1505,2024-01-23,Medium,Domestic
O34,PR2,4420,2024-05-06,High,Domestic
O35,PR2,4895,2024-05-04,Medium,Domestic
O36,PR3,4679,2024-02-15,Medium,Export
O37,PR3,4506,2024-03-05,Medium,Export
O38,PR5,3154,2024-03-27,Medium,Export
O39,PR4,4526,2024-02-20,Medium,Export
O40,PR4,732,2024-01-25,High,Export
O41,PR4,1288,2024-01-27,High,Domestic
O42,PR4,827,2024-02-16,Medium,Export
O43,PR2,2485,2024-05-31,Medium,Domestic
O44,PR2,2599,2024-05-18,High,Domestic
O45,PR1,2640,2024-06-09,Medium,Domestic
O46,PR3,918,2024-05-21,Medium,Domestic
O47,PR5,1327,2024-04-25,Medium,Domestic
O48,PR4,3049,2024-03-15,Medium,Domestic
O49,PR1,4111,2024-05-24,Medium,Domestic
O50,PR2,1521,2024-05-27,High,Domestic
O51,PR2,773,2024-05-31,Medium,Export
O52,PR1,1982,2024-05-28,Medium,Domestic
O53,PR1,2048,2024-02-08,Medium,Domestic
O54,PR5,1410,2024-02-14,Low,Domestic
O55,PR4,4722,2024-06-03,Medium,Export
O56,PR3,3330,2024-06-10,High,Domestic
O57,PR5,3480,2024-01-20,High,Export
O58,PR1,3967,2024-03-15,Medium,Export
O59,PR2,1719,2024-05-20,Low,Domestic
O60,PR1,881,2024-04-30,Medium,Export
O61,PR3,2192,2024-06-15,Medium,Export
O62,PR5,4598,2024-05-04,Medium,Domestic
O63,PR3,2868,2024-06-16,Low,Export
O64,PR1,1330,2024-04-26,Medium,Domestic
O65,PR1,3881,2024-06-01,Medium,Domestic
O66,PR5,583,2024-06-02,Medium,Domestic
O67,PR5,815,2024-06-17,Low,Domestic
O68,PR5,609,2024-06-06,Medium,Export
O69,PR1,2470,2024-06-12,Low,Domestic
O70,PR4,957,2024-02-11,High,Domestic
O71,PR4,3350,2024-06-10,Medium,Export
O72,PR3,4471,2024-04-25,Low,Domestic
O73,PR1,1693,2024-05-29,Low,Domestic
O74,PR1,2931,2024-01-16,Medium,Domestic
O75,PR5,2562,2024-05-23,Medium,Domestic
O76,PR2,2927,2024-02-18,Low,Export
O77,PR3,697,2024-02-08,Low,Export
O78,PR2,1540,2024-04-10,Medium,Export
O79,PR5,1857,2024-04-19,High,Export
O80,PR1,3961,2024-03-16,Medium,Export
O81,PR2,4315,2024-05-26,Low,Domestic
O82,PR1,4822,2024-06-19,Medium,Domestic
O83,PR4,624,2024-03-01,Low,Export
O84,PR3,4525,2024-02-27,Low,Domestic
O85,PR5,3937,2024-03-07,Low,Domestic
O86,PR4,2014,2024-04-24,Medium,Domestic
O87,PR2,803,2024-02-05,Medium,Export
O88,PR2,1181,2024-06-15,High,Export
O89,PR3,4796,2024-03-09,High,Domestic
O90,PR5,1591,2024-02-18,Medium,Domestic
O91,PR5,4553,2024-03-01,High,Export
O92,PR3,925,2024-03-22,Low,Domestic
O93,PR5,3769,2024-06-09,Medium,Export
O94,PR3,3443,2024-01-30,Low,Export
O95,PR5,3468,2024-03-09,Low,Export
O96,PR2,2669,2024-04-05,Medium,Export
O97,PR4,1500,2024-02-26,Low,Domestic
O98,PR2,2639,2024-06-04,Medium,Export
O99,PR4,3121,2024-03-27,High,Export
O100,PR5,2219,2024-03-24,High,Export
O101,PR4,4737,2024-05-01,High,Export
O102,PR2,1222,2024-02-17,Medium,Domestic
O103,PR5,4211,2024-04-07,Low,Export
O104,PR1,2375,2024-04-04,Medium,Export
O105,PR5,4627,2024-04-04,High,Domestic
O106,PR3,4016,2024-02-21,Medium,Domestic
O107,PR4,966,2024-06-16,Medium,Domestic
O108,PR3,3243,2024-03-09,Medium,Domestic
O109,PR5,4071,2024-03-01,Low,Domestic
O110,PR2,3703,2024-05-24,Medium,Domestic
O111,PR1,3980,2024-06-19,High,Export
O112,PR5,678,2024-05-20,High,Domestic
O113,PR5,1635,2024-05-15,Medium,Export
O114,PR4,586,2024-02-27,Medium,Domestic
O115,PR3,4935,2024-01-28,Low,Domestic
O116,PR4,3751,2024-03-03,Medium,Domestic
O117,PR3,2698,2024-03-28,Medium,Domestic
O118,PR2,2665,2024-05-19,Low,Export
O119,PR2,1134,2024-05-01,Medium,Export
O120,PR1,3313,2024-05-25,Medium,Domestic
O121,PR4,1999,2024-05-09,Low,Domestic
O122,PR5,987,2024-01-29,Medium,Export
O123,PR5,3685,2024-04-04,Medium,Domestic
O124,PR5,622,2024-02-23,Medium,Export
O125,PR5,3487,2024-06-27,Medium,Domestic
O126,PR1,4337,2024-01-31,Medium,Domestic
O127,PR3,2042,2024-03-16,Medium,Domestic
O128,PR4,3328,2024-01-18,Medium,Export
O129,PR5,1712,2024-05-17,Medium,Export
O130,PR3,4862,2024-03-29,High,Domestic
O131,PR4,1467,2024-02-14,High,Export
O132,PR1,3885,2024-03-12,High,Domestic
O133,PR3,1601,2024-03-03,Low,Export
O134,PR5,3170,2024-02-03,High,Export
O135,PR1,4391,2024-01-15,Medium,Export
O136,PR1,2343,2024-05-06,Medium,Export
O137,PR3,2343,2024-05-30,High,Domestic
O138,PR4,4263,2024-03-30,Low,Export
O139,PR3,628,2024-02-04,Low,Export
O140,PR1,3411,2024-01-21,Medium,Export
O141,PR5,4802,2024-05-24,Low,Domestic
O142,PR3,2856,2024-05-09,Low,Export
O143,PR1,1964,2024-03-22,Low,Export
O144,PR5,2466,2024-02-26,High,Export
O145,PR2,3340,2024-01-29,Low,Export
O146,PR4,876,2024-01-27,Medium,Export
O147,PR3,2087,2024-02-27,Medium,Export
O148,PR2,2940,2024-04-21,Medium,Export
O149,PR3,3971,2024-05-04,Medium,Export
O150,PR5,827,2024-06-20,Medium,Domestic
O151,PR1,2699,2024-02-20,Low,Export
O152,PR2,3115,2024-05-17,High,Export
O153,PR5,2333,2024-02-13,High,Export
O154,PR5,4730,2024-03-15,Medium,Export
O155,PR2,2985,2024-03-06,High,Export
O156,PR4,2103,2024-03-06,High,Export
O157,PR1,4149,2024-04-13,Low,Domestic
O158,PR3,1308,2024-04-09,Medium,Export
O159,PR3,2410,2024-03-24,Low,Domestic
O160,PR5,3637,2024-05-18,Medium,Export
O161,PR5,2460,2024-04-02,High,Domestic
O162,PR3,526,2024-03-15,Medium,Export
O163,PR5,2344,2024-01-26,High,Domestic
O164,PR3,632,2024-04-14,High,Domestic
O165,PR2,4705,2024-02-07,Low,Domestic
O166,PR5,2890,2024-05-09,High,Export
O167,PR3,2737,2024-02-19,Low,Export
O168,PR2,2369,2024-03-08,Low,Export
O169,PR2,3182,2024-05-24,Medium,Domestic
O170,PR4,640,2024-02-19,Medium,Domestic
O171,PR2,1161,2024-02-15,Medium,Export
O172,PR2,1786,2024-05-01,High,Domestic
O173,PR1,2623,2024-06-14,High,Domestic
O174,PR4,929,2024-02-12,Medium,Export
O175,PR2,2474,2024-02-04,High,Export
O176,PR2,3567,2024-05-14,Medium,Domestic
O177,PR5,3949,2024-04-07,Medium,Domestic
O178,PR3,1557,2024-06-17,High,Export
O179,PR3,1724,2024-06-12,Low,Domestic
O180,PR4,1789,2024-04-15,High,Domestic
O181,PR3,934,2024-02-13,High,Domestic
O182,PR2,1008,2024-05-04,Low,Domestic
O183,PR1,2190,2024-02-17,Medium,Export
O184,PR5,2175,2024-03-15,Medium,Export
O185,PR3,921,2024-03-09,High,Export
O186,PR5,4134,2024-05-05,Medium,Domestic
O187,PR1,703,2024-01-23,Medium,Export
O188,PR5,2093,2024-01-28,Medium,Domestic
O189,PR5,4272,2024-03-03,High,Export
O190,PR3,2554,2024-06-16,Medium,Domestic
O191,PR4,1846,2024-02-25,Low,Export
O192,PR3,2077,2024-04-15,Medium,Export
O193,PR2,2171,2024-04-05,Medium,Export
O194,PR5,3226,2024-05-02,Medium,Domestic
O195,PR5,1966,2024-05-17,Medium,Domestic
O196,PR1,725,2024-06-01,High,Export
O197,PR2,4853,2024-02-03,Medium,Domestic
O198,PR5,3894,2024-03-30,High,Domestic
O199,PR4,3943,2024-03-12,Medium,Domestic
O200,PR3,3522,2024-05-09,High,Export
O201,PR1,1320,2024-02-11,Medium,Export
O202,PR4,2138,2024-02-05,Medium,Export
O203,PR1,3473,2024-04-24,Medium,Domestic
O204,PR3,647,2024-01-30,Medium,Domestic
O205,PR2,4550,2024-06-04,High,Export
O206,PR1,2673,2024-04-02,Medium,Domestic
O207,PR5,503,2024-06-10,Low,Export
O208,PR2,1020,2024-03-23,Medium,Export
O209,PR1,2742,2024-02-06,Low,Domestic
O210,PR5,4016,2024-05-11,Medium,Domestic
O211,PR3,1945,2024-01-27,Low,Export
O212,PR5,2173,2024-04-19,Low,Export
O213,PR4,1792,2024-02-20,High,Export
O214,PR4,1408,2024-02-12,High,Export
O215,PR2,710,2024-05-07,Medium,Domestic
O216,PR4,1505,2024-05-17,Medium,Domestic
O217,PR3,1108,2024-04-07,Medium,Export
O218,PR3,4335,2024-04-07,Medium,Domestic
O219,PR5,3979,2024-03-20,High,Export
O220,PR4,2017,2024-05-11,Low,Domestic
O221,PR1,3545,2024-02-26,Medium,Domestic
O222,PR3,3175,2024-03-16,Medium,Domestic
O223,PR2,2306,2024-05-14,Medium,Domestic
O224,PR2,4310,2024-03-20,Medium,Domestic
O225,PR2,2523,2024-01-10,Medium,Domestic
O226,PR1,2811,2024-05-12,High,Export
O227,PR1,3265,2024-02-13,High,Domestic
O228,PR4,4545,2024-02-06,Medium,Domestic
O229,PR1,2991,2024-04-07,Medium,Export
O230,PR4,3690,2024-02-16,High,Export
O231,PR5,606,2024-05-13,Medium,Domestic
O232,PR5,2012,2024-05-27,Medium,Export
O233,PR2,4296,2024-04-13,Medium,Export
O234,PR2,2778,2024-06-02,Medium,Domestic
O235,PR5,2695,2024-04-10,Low,Export
O236,PR2,4389,2024-02-25,Medium,Domestic
O237,PR3,699,2024-05-21,High,Domestic
O238,PR5,2876,2024-01-10,Medium,Domestic
O239,PR1,2531,2024-04-30,Low,Domestic
O240,PR1,3759,2024-03-24,Low,Domestic
O241,PR2,4128,2024-01-29,Low,Domestic
O242,PR3,4368,2024-02-23,Medium,Export
O243,PR3,2623,2024-05-07,High,Export
O244,PR3,2168,2024-01-27,Low,Export
O245,PR1,4031,2024-02-06,High,Domestic
O246,PR4,2268,2024-03-04,Medium,Export
O247,PR4,1188,2024-06-05,Medium,Domestic
O248,PR1,4148,2024-05-10,Low,Domestic
O249,PR3,4433,2024-05-08,Medium,Export
O250,PR5,2876,2024-01-27,High,Domestic
O251,PR3,2479,2024-02-15,Medium,Domestic
O252,PR5,2913,2024-06-03,Medium,Domestic
O253,PR1,3108,2024-01-12,Medium,Domestic
O254,PR4,1269,2024-03-09,High,Domestic
O255,PR3,4979,2024-03-10,Medium,Export
O256,PR3,1582,2024-04-14,High,Export
O257,PR5,4750,2024-02-28,High,Export
O258,PR5,2496,2024-03-21,Medium,Domestic
O259,PR4,3324,2024-03-25,Medium,Domestic
O260,PR5,1531,2024-02-12,High,Export
O261,PR5,998,2024-06-05,Low,Export
O262,PR1,2783,2024-03-03,Medium,Domestic
O263,PR5,3971,2024-04-11,Medium,Export
O264,PR3,2621,2024-02-23,High,Domestic
O265,PR5,2884,2024-02-07,Medium,Export
O266,PR5,2496,2024-03-25,Medium,Domestic
O267,PR2,2347,2024-02-21,Medium,Export
O268,PR5,974,2024-05-06,Medium,Domestic
O269,PR5,4910,2024-03-28,Medium,Export
O270,PR3,4401,2024-04-20,Low,Domestic
O271,PR5,2430,2024-03-10,High,Domestic
O272,PR3,1690,2024-01-31,Medium,Export
O273,PR2,774,2024-02-29,Medium,Domestic
O274,PR2,3287,2024-04-22,Medium,Export
O275,PR4,4346,2024-03-02,Medium,Export
O276,PR5,1943,2024-04-08,Medium,Export
O277,PR4,3492,2024-06-14,Medium,Export
O278,PR4,2145,2024-03-31,Medium,Export
O279,PR4,4021,2024-06-13,Low,Export
O280,PR1,4966,2024-05-17,Low,Export
O281,PR1,3426,2024-01-28,High,Export
O282,PR5,3732,2024-03-21,Low,Domestic
O283,PR4,557,2024-04-13,High,Domestic
O284,PR3,1220,2024-04-15,High,Domestic
O285,PR5,3527,2024-03-29,Low,Export
O286,PR4,1367,2024-04-26,Low,Export
O287,PR2,3725,2024-06-10,Medium,Export
O288,PR1,4118,2024-05-17,Medium,Domestic
O289,PR4,2276,2024-05-09,Low,Domestic
O290,PR1,2064,2024-06-02,Low,Export
O291,PR3,663,2024-03-09,High,Domestic
O292,PR1,1524,2024-05-18,Low,Export
O293,PR1,3657,2024-06-19,Medium,Domestic
O294,PR2,3538,2024-04-10,High,Export
O295,PR5,2444,2024-06-02,High,Domestic
O296,PR4,3732,2024-02-20,Low,Export
O297,PR1,4791,2024-02-19,High,Domestic
O298,PR5,2984,2024-06-07,Medium,Domestic
O299,PR4,3152,2024-06-19,Medium,Domestic
O300,PR5,3273,2024-05-30,Low,Domestic
O301,PR5,1264,2024-03-25,Medium,Domestic
O302,PR2,4433,2024-03-27,Medium,Domestic
O303,PR2,1052,2024-05-15,Medium,Domestic
O304,PR5,4995,2024-03-20,Medium,Domestic
O305,PR2,3029,2024-06-01,Low,Domestic
O306,PR1,2347,2024-03-13,Medium,Export
O307,PR4,4876,2024-02-10,High,Domestic
O308,PR2,3509,2024-01-26,Medium,Export
O309,PR5,2765,2024-01-24,Low,Export
O310,PR2,3780,2024-03-27,Medium,Domestic
O311,PR5,4295,2024-04-05,Low,Domestic
O312,PR1,3612,2024-03-22,Medium,Export
O313,PR4,2140,2024-02-21,Medium,Export
O314,PR4,4920,2024-03-01,Medium,Export
O315,PR4,3485,2024-04-23,Medium,Domestic
O316,PR2,4025,2024-05-26,Low,Export
O317,PR2,637,2024-03-30,High,Export
O318,PR2,4714,2024-05-30,High,Export
O319,PR2,1591,2024-03-28,Medium,Export
O320,PR3,3065,2024-04-04,Medium,Domestic
O321,PR1,3115,2024-06-03,Low,Export
O322,PR4,3966,2024-03-31,Low,Export
O323,PR5,4812,2024-03-15,Low,Domestic
O324,PR2,2735,2024-06-10,High,Domestic
O325,PR2,3104,2024-01-27,Medium,Domestic
O326,PR5,3590,2024-02-15,Medium,Domestic
O327,PR2,3993,2024-06-25,Medium,Export
O328,PR4,1140,2024-05-06,Medium,Export
O329,PR4,2983,2024-02-23,Medium,Domestic
O330,PR2,1011,2024-05-23,Low,Domestic
O331,PR3,1219,2024-03-28,Medium,Domestic
O332,PR2,679,2024-02-05,Medium,Domestic
O333,PR3,1101,2024-02-26,High,Export
O334,PR1,3766,2024-03-17,Medium,Domestic
O335,PR4,4570,2024-02-05,High,Export
O336,PR2,734,2024-05-27,Medium,Domestic
O337,PR1,4542,2024-04-29,High,Export
O338,PR4,1394,2024-03-22,Medium,Export
O339,PR3,1281,2024-05-20,Medium,Export
O340,PR4,4204,2024-04-28,Medium,Export
O341,PR1,3419,2024-02-08,High,Export
O342,PR1,3273,2024-05-22,High,Domestic
O343,PR3,3348,2024-04-17,High,Domestic
O344,PR4,607,2024-02-15,Medium,Domestic
O345,PR5,2696,2024-01-30,Medium,Domestic
O346,PR1,1748,2024-02-24,Low,Domestic
O347,PR5,518,2024-01-14,Medium,Export
O348,PR2,1790,2024-05-30,Medium,Export
O349,PR1,992,2024-03-10,Low,Export
O350,PR4,4404,2024-05-20,Medium,Domestic
O351,PR2,3235,2024-05-18,Medium,Domestic
O352,PR1,3507,2024-05-06,High,Export
O353,PR5,1163,2024-06-06,Medium,Domestic
O354,PR3,2354,2024-02-22,Low,Export
O355,PR2,2737,2024-04-01,High,Domestic
O356,PR1,4310,2024-05-25,Medium,Domestic
O357,PR3,3309,2024-02-28,High,Domestic
O358,PR5,3790,2024-01-26,Low,Domestic
O359,PR5,4045,2024-04-05,Medium,Domestic
O360,PR5,4393,2024-05-12,Medium,Export
O361,PR1,1921,2024-03-25,Medium,Export
O362,PR3,4424,2024-04-19,Medium,Export
O363,PR1,4205,2024-03-10,Medium,Export
O364,PR5,4534,2024-02-10,High,Domestic
O365,PR4,1681,2024-03-15,Medium,Domestic
O366,PR2,2450,2024-03-26,Low,Domestic
O367,PR3,3432,2024-01-23,Medium,Domestic
O368,PR2,3744,2024-01-29,Medium,Domestic
O369,PR1,4168,2024-05-18,Medium,Domestic
O370,PR1,2263,2024-01-24,Medium,Domestic
O371,PR5,4869,2024-06-14,Medium,Domestic
O372,PR1,1218,2024-05-25,High,Export
O373,PR4,3843,2024-02-19,Medium,Export
O374,PR4,3636,2024-04-23,Medium,Export
O375,PR2,3203,2024-05-28,Medium,Export
O376,PR2,3414,2024-05-07,Medium,Domestic
O377,PR3,4478,2024-04-23,Medium,Export
O378,PR4,1536,2024-05-01,Medium,Domestic
O379,PR2,3370,2024-02-18,Low,Domestic
O380,PR1,2842,2024-05-15,High,Domestic
O381,PR1,4664,2024-03-19,Medium,Export
O382,PR4,2602,2024-05-01,Low,Domestic
O383,PR1,2090,2024-02-23,Medium,Domestic
O384,PR4,4600,2024-02-13,High,Export
O385,PR5,732,2024-03-01,Medium,Export
O386,PR1,4385,2024-05-29,Medium,Export
O387,PR1,3206,2024-05-08,High,Domestic
O388,PR3,2919,2024-05-23,High,Export
O389,PR2,2316,2024-06-07,High,Export
O390,PR1,4339,2024-04-26,High,Export
O391,PR1,2385,2024-06-11,Medium,Domestic
O392,PR5,2497,2024-04-01,Medium,Export
O393,PR2,3982,2024-03-10,Medium,Export
O394,PR5,4083,2024-06-10,Medium,Export
O395,PR1,1925,2024-05-18,Medium,Export
O396,PR1,859,2024-04-07,Medium,Domestic
O397,PR2,1710,2024-02-11,Medium,Domestic
O398,PR2,3988,2024-05-23,Medium,Export
O399,PR2,4746,2024-03-11,Medium,Export
O400,PR5,2220,2024-03-16,Low,Domestic
O401,PR5,4063,2024-03-14,High,Export
O402,PR5,4028,2024-04-27,High,Export
O403,PR2,1562,2024-04-01,Low,Export
O404,PR4,3494,2024-04-16,High,Domestic
O405,PR4,3434,2024-02-18,Low,Export
O406,PR3,4538,2024-03-11,High,Domestic
O407,PR1,521,2024-02-04,Low,Export
O408,PR1,1304,2024-01-28,High,Domestic
O409,PR5,1257,2024-05-15,Low,Domestic
O410,PR1,3454,2024-04-26,Medium,Export
O411,PR5,3077,2024-06-12,Low,Domestic
O412,PR3,706,2024-05-04,Medium,Domestic
O413,PR1,1521,2024-05-20,Medium,Domestic
O414,PR3,3763,2024-03-29,Low,Export
O415,PR5,3243,2024-05-31,Medium,Domestic
O416,PR3,2513,2024-03-20,Medium,Domestic
O417,PR3,1240,2024-04-12,High,Export
O418,PR1,760,2024-05-11,Low,Domestic
O419,PR3,4535,2024-03-20,Medium,Export
O420,PR2,4076,2024-04-14,Low,Export
O421,PR2,1510,2024-06-15,High,Export
O422,PR2,4078,2024-01-27,Low,Domestic
O423,PR3,4061,2024-01-21,High,Export
O424,PR1,3874,2024-05-07,High,Domestic
O425,PR4,1665,2024-06-16,Medium,Domestic
O426,PR2,1521,2024-06-01,Medium,Domestic
O427,PR2,3881,2024-06-03,Low,Export
O428,PR1,2488,2024-01-16,High,Export
O429,PR4,4263,2024-03-04,Low,Domestic
O430,PR2,1511,2024-02-22,Low,Domestic
O431,PR1,606,2024-03-01,Medium,Domestic
O432,PR2,4641,2024-02-08,Medium,Domestic
O433,PR4,1634,2024-03-30,Low,Domestic
O434,PR1,3392,2024-03-06,High,Domestic
O435,PR3,4774,2024-04-21,Low,Domestic
O436,PR3,4848,2024-03-04,Low,Domestic
O437,PR5,2807,2024-02-23,Medium,Export
O438,PR4,1811,2024-04-06,Medium,Export
O439,PR2,4406,2024-04-10,Low,Domestic
O440,PR3,967,2024-04-20,Medium,Domestic
O441,PR1,1026,2024-04-16,Medium,Domestic
O442,PR1,2467,2024-05-01,Medium,Export
O443,PR2,4625,2024-01-31,Medium,Domestic
O444,PR2,4047,2024-02-14,Medium,Domestic
O445,PR5,2005,2024-01-19,Medium,Export
O446,PR2,1269,2024-02-08,Medium,Export
O447,PR5,3418,2024-03-04,Medium,Export
O448,PR5,824,2024-05-30,High,Domestic
O449,PR5,4438,2024-03-28,Low,Domestic
O450,PR5,942,2024-04-07,High,Export
O451,PR2,522,2024-03-28,Medium,Export
O452,PR2,4650,2024-06-07,High,Domestic
O453,PR2,4871,2024-03-19,Medium,Export
O454,PR3,1687,2024-03-11,Medium,Domestic
O455,PR5,3646,2024-05-12,Medium,Domestic
O456,PR1,1418,2024-02-19,Medium,Domestic
O457,PR3,918,2024-05-20,Medium,Export
O458,PR2,4536,2024-04-07,Medium,Export
O459,PR2,2123,2024-04-29,Medium,Export
O460,PR3,3157,2024-01-24,Low,Export
O461,PR1,4720,2024-02-04,High,Export
O462,PR2,2855,2024-03-01,Medium,Domestic
O463,PR1,1215,2024-05-29,Medium,Domestic
O464,PR4,3825,2024-02-03,High,Domestic
O465,PR5,4075,2024-06-08,Medium,Domestic
O466,PR4,3366,2024-03-12,Medium,Export
O467,PR2,1042,2024-06-22,Medium,Export
O468,PR1,4874,2024-02-22,Medium,Export
O469,PR1,1719,2024-04-07,Medium,Export
O470,PR1,3489,2024-05-05,Medium,Domestic
O471,PR5,3937,2024-04-17,Low,Domestic
O472,PR1,644,2024-03-21,Medium,Domestic
O473,PR1,1894,2024-03-14,Medium,Domestic
O474,PR2,3749,2024-06-01,Medium,Domestic
O475,PR1,3026,2024-03-30,Medium,Export
O476,PR4,1207,2024-03-09,Low,Domestic
O477,PR4,4198,2024-01-29,Medium,Domestic
O478,PR1,3376,2024-01-26,High,Export
O479,PR3,3423,2024-02-04,Medium,Export
O480,PR4,2362,2024-05-31,Low,Export
O481,PR2,983,2024-05-15,Medium,Domestic
O482,PR3,3189,2024-04-13,Medium,Domestic
O483,PR1,2688,2024-01-30,Medium,Domestic
O484,PR2,1427,2024-04-20,High,Domestic
O485,PR1,3205,2024-05-19,Low,Domestic
O486,PR4,568,2024-04-10,Medium,Export
O487,PR2,4864,2024-05-03,Medium,Export
O488,PR3,3961,2024-05-02,Low,Export
O489,PR5,1642,2024-03-21,Low,Export
O490,PR4,4836,2024-04-21,Medium,Domestic
O491,PR2,805,2024-06-17,High,Export
O492,PR4,2635,2024-05-17,Medium,Domestic
O493,PR4,2254,2024-01-27,High,Domestic
O494,PR4,1680,2024-06-23,Medium,Export
O495,PR1,2382,2024-03-28,Medium,Domestic
O496,PR1,3158,2024-05-31,Medium,Export
O497,PR4,3909,2024-03-01,Medium,Domestic
O498,PR3,1661,2024-04-07,High,Export
O499,PR4,4213,2024-05-28,Medium,Export
O500,PR3,3574,2024-04-28,Low,Domestic
O501,PR5,1837,2024-02-09,Low,Domestic
O502,PR4,2156,2024-04-30,Medium,Export
O503,PR1,4587,2024-05-13,Low,Export
O504,PR4,2726,2024-02-10,Medium,Export
O505,PR3,4194,2024-05-25,Medium,Domestic
O506,PR5,1979,2024-05-18,Medium,Domestic
O507,PR4,3171,2024-05-22,Medium,Export
O508,PR5,1698,2024-06-01,High,Domestic
O509,PR1,1886,2024-04-23,Medium,Export
O510,PR4,2840,2024-04-14,Medium,Export
O511,PR1,1862,2024-04-03,High,Domestic
O512,PR2,3723,2024-06-08,Low,Export
O513,PR2,2883,2024-02-16,Medium,Domestic
O514,PR2,3820,2024-04-12,Medium,Domestic
O515,PR1,1145,2024-03-07,Low,Export
O516,PR1,4691,2024-05-03,Medium,Domestic
O517,PR2,4894,2024-02-06,Low,Export
O518,PR2,2076,2024-03-14,Low,Domestic
O519,PR2,4100,2024-02-15,Low,Export
O520,PR1,2998,2024-05-20,High,Export
O521,PR5,1019,2024-03-25,Medium,Export
O522,PR5,1508,2024-02-26,Medium,Domestic
O523,PR5,2907,2024-01-14,Medium,Export
O524,PR5,1334,2024-05-09,Low,Domestic
O525,PR5,3653,2024-04-10,High,Domestic
O526,PR5,722,2024-03-01,Low,Domestic
O527,PR5,1354,2024-02-17,Medium,Domestic
O528,PR1,1224,2024-03-24,Medium,Domestic
O529,PR1,1217,2024-02-22,Medium,Domestic
O530,PR2,2942,2024-03-10,Low,Export
O531,PR2,3476,2024-06-19,Low,Export
O532,PR5,4782,2024-03-20,Medium,Export
O533,PR3,3492,2024-05-29,Medium,Export
O534,PR4,2482,2024-02-13,High,Export
O535,PR3,512,2024-04-01,Medium,Export
O536,PR2,2189,2024-03-12,Medium,Export
O537,PR3,1928,2024-01-17,Medium,Export
O538,PR4,3309,2024-05-22,High,Export
O539,PR1,1378,2024-04-03,Medium,Export
O540,PR5,825,2024-04-08,Medium,Domestic
O541,PR4,1111,2024-02-05,Medium,Domestic
O542,PR1,2969,2024-03-03,High,Export
O543,PR4,1808,2024-05-31,Medium,Domestic
O544,PR3,3156,2024-03-24,High,Domestic
O545,PR2,2702,2024-05-12,Medium,Export
O546,PR4,2833,2024-01-20,Low,Domestic
O547,PR2,2443,2024-06-15,Low,Export
O548,PR5,2313,2024-04-08,Medium,Export
O549,PR2,4485,2024-03-02,Medium,Export
O550,PR3,3345,2024-05-19,High,Export
O551,PR3,2458,2024-03-23,Low,Export
O552,PR2,4333,2024-02-25,Medium,Export
O553,PR5,1367,2024-02-11,High,Domestic
O554,PR1,1169,2024-02-06,Low,Export
O555,PR1,2418,2024-05-24,Medium,Domestic
O556,PR2,3376,2024-02-16,Low,Export
O557,PR3,2573,2024-03-18,High,Domestic
O558,PR1,3529,2024-02-28,Medium,Domestic
O559,PR2,2858,2024-03-12,Low,Domestic
O560,PR5,2925,2024-01-21,High,Domestic
O561,PR5,3156,2024-05-17,Medium,Domestic
O562,PR5,4404,2024-02-15,High,Domestic
O563,PR2,1027,2024-03-12,High,Export
O564,PR2,4343,2024-03-28,Low,Export
O565,PR3,1681,2024-02-12,High,Domestic
O566,PR1,4411,2024-02-27,Medium,Domestic
O567,PR2,3770,2024-02-21,High,Export
O568,PR1,3504,2024-04-01,Medium,Export
O569,PR1,1527,2024-06-10,Medium,Export
O570,PR5,3261,2024-05-02,Medium,Domestic
O571,PR2,4502,2024-06-01,Low,Domestic
O572,PR3,3382,2024-02-13,Low,Export
O573,PR3,786,2024-04-26,Low,Export
O574,PR1,2634,2024-05-11,Medium,Domestic
O575,PR2,4300,2024-05-17,Medium,Domestic
O576,PR4,564,2024-03-06,Low,Domestic
O577,PR3,2891,2024-04-11,Low,Export
O578,PR2,4648,2024-04-29,Medium,Export
O579,PR1,4557,2024-02-25,Low,Domestic
O580,PR3,4816,2024-04-16,Low,Domestic
O581,PR2,4527,2024-02-04,Low,Domestic
O582,PR2,860,2024-05-18,Medium,Domestic
O583,PR5,4704,2024-03-22,Low,Export
O584,PR2,2071,2024-06-19,Medium,Export
O585,PR3,1689,2024-05-01,High,Export
O586,PR5,3271,2024-02-12,Medium,Export
O587,PR5,1872,2024-04-22,High,Domestic
O588,PR2,4203,2024-05-20,Medium,Export
O589,PR2,4229,2024-04-14,Low,Export
O590,PR1,1563,2024-02-20,High,Export
O591,PR5,711,2024-05-06,Medium,Domestic
O592,PR4,1178,2024-03-30,High,Domestic
O593,PR3,4152,2024-04-12,Low,Domestic
O594,PR1,4273,2024-04-25,Low,Domestic
O595,PR3,2704,2024-06-03,High,Export
O596,PR5,2133,2024-02-07,Medium,Export
O597,PR4,4645,2024-06-07,Low,Export
O598,PR3,4931,2024-04-25,Medium,Export
O599,PR4,1730,2024-02-26,Medium,Export
O600,PR1,1355,2024-04-22,Medium,Export
O601,PR1,4671,2024-04-30,Medium,Export
O602,PR5,3798,2024-03-03,Low,Domestic
O603,PR4,1558,2024-02-04,Medium,Domestic
O604,PR4,1071,2024-03-30,Medium,Export
O605,PR1,4786,2024-01-21,Medium,Export
O606,PR3,1814,2024-06-01,High,Domestic
O607,PR2,2866,2024-05-06,Low,Export
O608,PR4,3186,2024-01-21,Low,Export
O609,PR4,2143,2024-06-02,High,Export
O610,PR4,4903,2024-05-18,Low,Domestic
O611,PR3,1305,2024-02-08,Medium,Domestic
O612,PR5,1328,2024-05-04,Low,Export
O613,PR4,681,2024-06-06,Medium,Domestic
O614,PR2,4197,2024-05-10,High,Domestic
O615,PR5,4019,2024-04-11,Medium,Export
O616,PR1,1410,2024-05-26,Low,Export
O617,PR1,2867,2024-05-21,Medium,Domestic
O618,PR4,988,2024-01-19,Medium,Export
O619,PR5,819,2024-02-15,Medium,Export
O620,PR1,4843,2024-05-20,Low,Domestic
O621,PR5,804,2024-06-06,High,Domestic
O622,PR5,1952,2024-05-26,Low,Export
O623,PR2,4737,2024-06-11,High,Domestic
O624,PR1,2070,2024-04-12,Medium,Export
O625,PR2,2489,2024-01-30,Medium,Domestic
O626,PR1,1646,2024-04-12,Medium,Export
O627,PR4,887,2024-04-22,Low,Export
O628,PR1,928,2024-01-21,Low,Domestic
O629,PR3,4776,2024-04-28,High,Export
O630,PR2,985,2024-04-26,Medium,Export
O631,PR2,1033,2024-02-12,Low,Export
O632,PR2,1147,2024-04-06,Medium,Domestic
O633,PR2,4758,2024-04-13,Medium,Export
O634,PR5,1713,2024-02-07,High,Domestic
O635,PR3,1501,2024-02-05,Low,Domestic
O636,PR4,2094,2024-04-25,Medium,Export
O637,PR4,3016,2024-05-26,Low,Domestic
O638,PR1,4381,2024-04-05,High,Export
O639,PR1,4577,2024-01-27,Low,Domestic
O640,PR1,2528,2024-04-03,Medium,Export
O641,PR2,3894,2024-01-15,Low,Domestic
O642,PR4,2796,2024-03-29,High,Export
O643,PR1,1224,2024-05-15,Low,Domestic
O644,PR3,1783,2024-03-07,Medium,Export
O645,PR5,2832,2024-03-11,Low,Domestic
O646,PR3,1385,2024-05-29,Medium,Domestic
O647,PR4,4470,2024-02-25,Low,Domestic
O648,PR1,1028,2024-03-30,Medium,Domestic
O649,PR4,3384,2024-04-21,Low,Export
O650,PR3,4397,2024-02-22,Medium,Domestic
O651,PR4,1717,2024-03-29,Medium,Domestic
O652,PR3,1882,2024-05-31,Medium,Export
O653,PR1,2939,2024-03-17,Medium,Domestic
O654,PR4,3276,2024-03-25,Medium,Domestic
O655,PR5,4351,2024-02-07,High,Domestic
O656,PR5,1313,2024-02-21,Medium,Domestic
O657,PR4,989,2024-03-18,Low,Domestic
O658,PR5,4613,2024-04-07,Medium,Domestic
O659,PR3,1435,2024-02-11,High,Domestic
O660,PR5,4756,2024-01-27,Low,Export
O661,PR3,693,2024-05-25,Medium,Domestic
O662,PR1,1438,2024-06-10,Low,Domestic
O663,PR4,921,2024-02-08,Medium,Domestic
O664,PR5,1914,2024-02-23,High,Export
O665,PR3,2096,2024-04-23,High,Domestic
O666,PR1,3139,2024-04-19,Low,Domestic
O667,PR3,4887,2024-05-01,Medium,Domestic
O668,PR2,1139,2024-02-02,Medium,Export
O669,PR3,2911,2024-04-19,Medium,Export
O670,PR5,752,2024-03-05,Medium,Domestic
O671,PR2,3856,2024-04-19,Medium,Domestic
O672,PR4,915,2024-05-15,Medium,Domestic
O673,PR1,760,2024-04-27,Medium,Domestic
O674,PR1,1378,2024-04-24,Low,Domestic
O675,PR4,3571,2024-04-09,High,Export
O676,PR4,2529,2024-03-22,Medium,Domestic
O677,PR5,2147,2024-04-28,Medium,Domestic
O678,PR3,4778,2024-06-23,High,Export
O679,PR2,4300,2024-03-24,High,Domestic
O680,PR3,3012,2024-03-01,Low,Domestic
O681,PR4,950,2024-06-15,Medium,Domestic
O682,PR5,2187,2024-04-30,High,Domestic
O683,PR2,1595,2024-06-02,Medium,Domestic
O684,PR4,3803,2024-05-10,High,Export
O685,PR2,4244,2024-03-18,Medium,Export
O686,PR1,2666,2024-06-19,Low,Domestic
O687,PR2,3888,2024-02-03,Medium,Domestic
O688,PR3,4474,2024-01-30,Medium,Export
O689,PR4,2814,2024-02-14,Medium,Domestic
O690,PR4,4070,2024-03-12,Medium,Export
O691,PR2,1727,2024-05-14,Medium,Export
O692,PR4,4141,2024-02-09,Medium,Domestic
O693,PR3,1588,2024-05-25,Medium,Domestic
O694,PR2,2727,2024-04-24,Medium,Export
O695,PR3,1419,2024-04-26,High,Domestic
O696,PR2,3817,2024-04-21,Medium,Export
O697,PR2,3707,2024-02-15,Low,Export
O698,PR3,2536,2024-03-01,High,Domestic
O699,PR5,1549,2024-05-22,Medium,Export
O700,PR2,3308,2024-04-23,Medium,Export
O701,PR3,1785,2024-05-05,Medium,Domestic
O702,PR5,2658,2024-05-03,Medium,Export
O703,PR3,1318,2024-04-08,Medium,Export
O704,PR1,3567,2024-06-08,High,Export
O705,PR3,4055,2024-05-17,High,Domestic
O706,PR3,3255,2024-06-02,Low,Domestic
O707,PR2,2203,2024-02-22,Medium,Export
O708,PR1,1620,2024-02-09,Medium,Export
O709,PR4,2305,2024-02-27,Medium,Export
O710,PR4,815,2024-04-21,Medium,Export
O711,PR1,3954,2024-04-26,High,Export
O712,PR5,1181,2024-04-24,Medium,Domestic
O713,PR1,4919,2024-03-13,Low,Domestic
O714,PR3,2897,2024-05-18,Medium,Domestic
O715,PR4,2827,2024-01-16,Medium,Export
O716,PR5,1117,2024-03-06,Medium,Export
O717,PR1,2146,2024-02-15,High,Export
O718,PR3,1349,2024-05-10,Medium,Domestic
O719,PR4,2360,2024-03-14,High,Domestic
O720,PR4,1787,2024-02-12,Medium,Domestic
O721,PR1,4725,2024-04-24,Medium,Domestic
O722,PR4,1954,2024-05-07,Medium,Export
O723,PR1,1886,2024-04-20,Medium,Domestic
O724,PR1,3725,2024-01-17,Low,Domestic
O725,PR5,1552,2024-06-06,Medium,Export
O726,PR3,3605,2024-02-04,Medium,Export
O727,PR2,4036,2024-03-04,Medium,Domestic
O728,PR1,4506,2024-05-27,Medium,Export
O729,PR2,3603,2024-02-01,Low,Export
O730,PR1,2395,2024-05-06,Medium,Domestic
O731,PR5,896,2024-04-23,Medium,Domestic
O732,PR2,1921,2024-05-03,Medium,Export
O733,PR4,581,2024-03-13,Medium,Domestic
O734,PR5,4826,2024-05-27,Low,Export
O735,PR2,691,2024-03-28,Medium,Domestic
O736,PR1,1994,2024-02-13,Medium,Export
O737,PR4,4671,2024-04-01,Medium,Domestic
O738,PR4,3899,2024-02-24,Medium,Export
O739,PR1,4390,2024-01-25,Medium,Domestic
O740,PR5,953,2024-06-13,Medium,Domestic
O741,PR3,2563,2024-05-20,Medium,Domestic
O742,PR1,2332,2024-03-05,High,Domestic
O743,PR3,2322,2024-04-22,Low,Export
O744,PR5,3609,2024-05-02,Low,Domestic
O745,PR3,1385,2024-03-11,Medium,Domestic
O746,PR1,2919,2024-02-09,Medium,Export
O747,PR5,1671,2024-02-26,Medium,Export
O748,PR4,2683,2024-02-21,Low,Domestic
O749,PR1,2682,2024-02-29,Medium,Domestic
O750,PR1,2258,2024-02-25,High,Domestic
O751,PR2,2684,2024-05-25,High,Domestic
O752,PR5,2909,2024-03-03,Low,Export
O753,PR3,4536,2024-03-14,Medium,Domestic
O754,PR5,1150,2024-04-19,Low,Domestic
O755,PR5,4380,2024-05-21,Medium,Domestic
O756,PR2,1816,2024-03-03,Medium,Domestic
O757,PR4,3487,2024-06-08,Low,Export
O758,PR3,3928,2024-05-19,Low,Domestic
O759,PR2,2818,2024-05-20,Low,Export
O760,PR3,4757,2024-06-26,High,Domestic
O761,PR2,4516,2024-05-18,Medium,Domestic
O762,PR5,926,2024-01-30,Low,Export
O763,PR2,2595,2024-06-02,High,Domestic
O764,PR5,2119,2024-05-14,High,Domestic
O765,PR3,3792,2024-04-29,Low,Domestic
O766,PR1,3125,2024-02-16,High,Export
O767,PR4,4831,2024-04-13,Low,Domestic
O768,PR5,2335,2024-05-31,High,Export
O769,PR4,4314,2024-03-31,Medium,Export
O770,PR5,1707,2024-04-15,High,Domestic
O771,PR1,3031,2024-02-18,High,Export
O772,PR2,3712,2024-04-05,Medium,Export
O773,PR1,827,2024-06-01,Medium,Domestic
O774,PR5,2381,2024-03-08,Medium,Export
O775,PR1,2456,2024-03-18,Medium,Domestic
O776,PR2,814,2024-06-04,Medium,Export
O777,PR1,4524,2024-04-17,Low,Export
O778,PR5,2451,2024-03-03,Medium,Domestic
O779,PR4,1548,2024-03-11,High,Export
O780,PR4,872,2024-05-28,Medium,Domestic
O781,PR2,3291,2024-02-16,Medium,Export
O782,PR4,1453,2024-06-08,Medium,Export
O783,PR3,3923,2024-02-20,Low,Domestic
O784,PR5,2288,2024-02-08,High,Export
O785,PR3,3027,2024-05-22,High,Export
O786,PR3,1018,2024-03-29,High,Domestic
O787,PR5,4766,2024-02-11,Medium,Domestic
O788,PR3,1195,2024-02-18,Medium,Export
O789,PR3,2262,2024-01-21,High,Export
O790,PR3,1304,2024-02-02,Medium,Domestic
O791,PR5,832,2024-02-11,Medium,Export
O792,PR2,3717,2024-04-27,Medium,Domestic
O793,PR1,936,2024-06-15,High,Domestic
O794,PR5,983,2024-05-10,Medium,Export
O795,PR2,4595,2024-04-09,Low,Export
O796,PR4,1908,2024-05-13,Medium,Domestic
O797,PR2,3489,2024-02-02,Medium,Export
O798,PR1,3912,2024-03-09,Medium,Export
O799,PR2,2935,2024-05-31,Medium,Export
O800,PR3,3133,2024-03-24,Low,Export
O801,PR2,1688,2024-01-31,Medium,Export
O802,PR3,644,2024-02-27,High,Domestic
O803,PR2,3293,2024-05-18,Medium,Export
O804,PR2,3586,2024-05-21,High,Export
O805,PR4,4603,2024-05-06,Low,Export
O806,PR5,1676,2024-02-05,Low,Domestic
O807,PR1,1274,2024-06-10,Low,Domestic
O808,PR3,4355,2024-03-04,Medium,Export
O809,PR4,1524,2024-02-24,Low,Domestic
O810,PR3,1344,2024-05-11,Medium,Export
O811,PR5,3719,2024-05-14,Medium,Export
O812,PR3,1940,2024-03-28,High,Export
O813,PR3,4415,2024-04-13,Medium,Export
O814,PR1,2264,2024-06-11,Medium,Export
O815,PR1,4424,2024-06-15,High,Export
O816,PR3,550,2024-03-22,Medium,Export
O817,PR1,1433,2024-04-12,High,Export
O818,PR5,947,2024-05-19,Medium,Domestic
O819,PR5,2533,2024-03-15,Low,Domestic
O820,PR4,2118,2024-05-27,Low,Export
O821,PR1,812,2024-06-13,Low,Export
O822,PR2,4465,2024-04-09,Medium,Export
O823,PR5,1568,2024-03-07,Low,Export
O824,PR1,4679,2024-06-10,Medium,Domestic
O825,PR2,990,2024-04-23,Low,Domestic
O826,PR1,4112,2024-03-26,Low,Domestic
O827,PR4,668,2024-05-31,Medium,Domestic
O828,PR2,1725,2024-01-31,Low,Export
O829,PR5,4914,2024-04-17,Medium,Domestic
O830,PR2,1646,2024-05-17,Medium,Domestic
O831,PR2,4676,2024-06-02,Medium,Domestic
O832,PR1,893,2024-01-29,Medium,Domestic
O833,PR3,2822,2024-02-23,Medium,Domestic
O834,PR4,1999,2024-02-20,High,Domestic
O835,PR1,4708,2024-03-21,Medium,Domestic
O836,PR2,2846,2024-05-10,Medium,Domestic
O837,PR1,702,2024-05-22,Medium,Export
O838,PR1,1924,2024-02-27,Medium,Export
O839,PR3,926,2024-06-16,Medium,Domestic
O840,PR2,3192,2024-04-26,High,Domestic
O841,PR5,4195,2024-01-29,Medium,Domestic
O842,PR1,2767,2024-02-08,High,Export
O843,PR3,4007,2024-02-17,Medium,Domestic
O844,PR1,1992,2024-02-12,Medium,Export
O845,PR3,3784,2024-05-19,High,Export
O846,PR2,4271,2024-02-15,Medium,Export
O847,PR3,4585,2024-02-02,High,Export
O848,PR5,665,2024-02-11,Medium,Export
O849,PR5,716,2024-05-15,High,Domestic
O850,PR3,3810,2024-04-20,Low,Domestic
O851,PR3,4614,2024-03-04,Medium,Export
O852,PR2,4695,2024-01-26,Medium,Export
O853,PR4,1349,2024-04-22,High,Domestic
O854,PR5,2630,2024-02-05,High,Domestic
O855,PR2,562,2024-02-28,Medium,Export
O856,PR2,901,2024-05-29,Medium,Domestic
O857,PR4,2355,2024-03-23,Medium,Export
O858,PR3,2021,2024-03-17,Medium,Export
O859,PR3,2589,2024-05-17,High,Domestic
O860,PR3,3048,2024-03-27,Medium,Domestic
O861,PR3,1307,2024-04-14,Medium,Domestic
O862,PR5,3420,2024-01-25,Medium,Domestic
O863,PR2,4966,2024-02-04,Medium,Domestic
O864,PR5,1761,2024-05-16,High,Domestic
O865,PR4,4731,2024-04-01,Low,Export
O866,PR3,2798,2024-05-31,Low,Export
O867,PR2,1714,2024-03-13,High,Export
O868,PR3,4923,2024-01-24,High,Export
O869,PR4,3550,2024-02-21,Medium,Export
O870,PR2,2671,2024-06-17,Medium,Domestic
O871,PR1,2053,2024-05-25,Medium,Export
O872,PR4,2243,2024-06-01,Medium,Export
O873,PR3,3492,2024-05-22,High,Export
O874,PR3,3764,2024-03-31,Medium,Export
O875,PR4,539,2024-05-30,Medium,Domestic
O876,PR3,4524,2024-03-08,Medium,Export
O877,PR2,2097,2024-05-29,Medium,Export
O878,PR5,1884,2024-04-04,Medium,Export
O879,PR2,1806,2024-05-24,Low,Domestic
O880,PR4,3388,2024-05-17,Low,Domestic
O881,PR5,2760,2024-04-02,Medium,Export
O882,PR1,1418,2024-03-10,Medium,Domestic
O883,PR4,1593,2024-02-04,Medium,Domestic
O884,PR1,4595,2024-03-20,Low,Export
O885,PR2,943,2024-03-24,High,Domestic
O886,PR2,3795,2024-02-05,Low,Domestic
O887,PR2,4318,2024-02-29,Low,Export
O888,PR5,3531,2024-04-29,High,Domestic
O889,PR1,4216,2024-01-24,Medium,Export
O890,PR1,1358,2024-06-02,High,Export
O891,PR3,4902,2024-03-20,High,Domestic
O892,PR4,4778,2024-03-05,Low,Export
O893,PR2,1647,2024-01-30,Medium,Export
O894,PR1,2683,2024-03-11,Low,Domestic
O895,PR2,3108,2024-04-12,Medium,Export
O896,PR3,3461,2024-03-14,Medium,Domestic
O897,PR1,1789,2024-04-25,Low,Export
O898,PR3,4058,2024-04-21,Low,Domestic
O899,PR3,3092,2024-02-21,Medium,Domestic
O900,PR3,3565,2024-05-26,Medium,Export
O901,PR1,2032,2024-02-27,Medium,Export
O902,PR5,2772,2024-02-18,Medium,Export
O903,PR4,3740,2024-04-21,High,Domestic
O904,PR3,2366,2024-05-17,Medium,Export
O905,PR5,3086,2024-02-26,Low,Domestic
O906,PR3,4971,2024-03-22,Medium,Export
O907,PR2,3493,2024-02-01,High,Export
O908,PR5,3178,2024-02-03,Medium,Export
O909,PR1,2288,2024-03-28,Medium,Domestic
O910,PR1,3790,2024-03-22,Medium,Domestic
O911,PR1,2594,2024-06-25,Medium,Export
O912,PR2,3730,2024-05-04,Medium,Domestic
O913,PR4,2078,2024-04-20,Medium,Domestic
O914,PR2,1194,2024-02-23,Medium,Domestic
O915,PR5,2835,2024-05-20,Low,Domestic
O916,PR2,1576,2024-06-18,Medium,Domestic
O917,PR5,2158,2024-03-07,Low,Export
O918,PR2,3284,2024-03-14,Medium,Export
O919,PR5,3664,2024-04-30,Low,Export
O920,PR1,4935,2024-06-16,High,Domestic
O921,PR4,587,2024-05-29,High,Export
O922,PR3,2066,2024-01-29,High,Export
O923,PR2,1376,2024-05-10,High,Export
O924,PR2,1146,2024-03-02,High,Export
O925,PR5,4681,2024-04-06,Medium,Domestic
O926,PR4,3317,2024-05-20,High,Domestic
O927,PR2,2142,2024-06-06,Low,Domestic
O928,PR4,1409,2024-02-07,Medium,Export
O929,PR2,4681,2024-06-01,Medium,Export
O930,PR3,4796,2024-06-03,Low,Domestic
O931,PR3,3550,2024-03-27,High,Export
O932,PR1,4726,2024-06-10,Medium,Domestic
O933,PR1,4231,2024-05-28,Medium,Domestic
O934,PR1,4302,2024-02-11,Low,Export
O935,PR2,1880,2024-01-14,Medium,Domestic
O936,PR4,2630,2024-05-29,Medium,Export
O937,PR5,1425,2024-03-23,Low,Domestic
O938,PR2,1200,2024-06-09,Medium,Domestic
O939,PR1,2444,2024-04-29,High,Domestic
O940,PR1,758,2024-01-24,Low,Domestic
O941,PR3,2640,2024-04-27,Medium,Export
O942,PR4,1023,2024-06-01,Medium,Domestic
O943,PR1,4912,2024-05-24,Low,Export
O944,PR3,3018,2024-05-07,High,Domestic
O945,PR2,1031,2024-04-25,Medium,Export
O946,PR3,1927,2024-02-08,Medium,Domestic
O947,PR3,4516,2024-03-21,Medium,Domestic
O948,PR4,4858,2024-03-06,Low,Domestic
O949,PR3,3391,2024-05-26,High,Export
O950,PR5,4537,2024-03-27,Medium,Export
O951,PR1,1592,2024-06-24,Medium,Export
O952,PR2,3607,2024-03-19,High,Domestic
O953,PR5,2017,2024-05-05,Medium,Export
O954,PR3,2826,2024-04-23,Medium,Domestic
O955,PR5,3800,2024-04-29,High,Domestic
O956,PR5,1734,2024-04-18,Low,Export
O957,PR4,1253,2024-02-24,Low,Domestic
O958,PR5,639,2024-03-09,Low,Export
O959,PR4,2300,2024-04-12,Medium,Domestic
O960,PR2,2742,2024-02-16,Medium,Domestic
O961,PR3,4631,2024-03-13,Medium,Domestic
O962,PR4,3574,2024-03-21,High,Domestic
O963,PR4,3281,2024-05-01,Medium,Export
O964,PR1,4389,2024-02-02,Medium,Domestic
O965,PR4,1781,2024-04-03,High,Export
O966,PR4,953,2024-01-28,Low,Export
O967,PR4,4795,2024-05-21,Low,Domestic
O968,PR2,2086,2024-03-14,Medium,Export
O969,PR5,3464,2024-03-31,Low,Domestic
O970,PR1,3959,2024-05-09,High,Domestic
O971,PR3,1691,2024-02-12,Medium,Domestic
O972,PR2,3546,2024-03-27,Medium,Domestic
O973,PR1,1246,2024-05-04,Medium,Domestic
O974,PR4,4515,2024-05-26,Medium,Domestic
O975,PR4,4434,2024-02-02,Medium,Domestic
O976,PR1,4595,2024-04-12,Medium,Export
O977,PR1,4009,2024-06-27,High,Export
O978,PR1,4902,2024-06-26,Low,Domestic
O979,PR2,2106,2024-05-02,Medium,Export
O980,PR4,4736,2024-05-01,Low,Export
O981,PR2,2435,2024-03-27,Medium,Export
O982,PR1,1597,2024-01-30,High,Export
O983,PR5,2732,2024-02-21,Medium,Domestic
O984,PR2,2951,2024-03-01,High,Export
O985,PR4,2422,2024-02-02,Medium,Export
O986,PR2,4236,2024-05-06,Low,Domestic
O987,PR3,4097,2024-06-22,Medium,Export
O988,PR3,1773,2024-03-13,Medium,Export
O989,PR2,4591,2024-01-30,Medium,Domestic
O990,PR4,1528,2024-04-01,High,Domestic
O991,PR3,2035,2024-03-03,Medium,Export
O992,PR2,1873,2024-05-08,Medium,Export
O993,PR2,1268,2024-05-24,Medium,Export
O994,PR2,1799,2024-04-13,Medium,Export
O995,PR2,2361,2024-05-06,Low,Export
O996,PR4,2740,2024-05-12,Medium,Domestic
O997,PR3,4325,2024-04-20,Medium,Domestic
O998,PR2,646,2024-04-11,Low,Export
O999,PR3,1764,2024-01-11,High,Domestic
O1000,PR2,1162,2024-06-05,Medium,Domestic
O1001,PR3,4152,2024-02-09,Low,Domestic
O1002,PR4,1662,2024-01-16,Low,Export
O1003,PR5,2364,2024-05-23,Medium,Domestic
O1004,PR3,2705,2024-03-05,Low,Domestic
O1005,PR4,1952,2024-02-24,Low,Domestic
O1006,PR3,3022,2024-05-07,High,Domestic
O1007,PR2,3521,2024-06-14,Low,Export
O1008,PR2,1830,2024-04-18,Medium,Domestic
O1009,PR2,2834,2024-02-18,High,Domestic
O1010,PR4,3000,2024-04-06,High,Export
O1011,PR4,4918,2024-04-16,Low,Domestic
O1012,PR3,3486,2024-05-22,High,Export
O1013,PR2,3824,2024-01-21,Medium,Export
O1014,PR4,4849,2024-05-15,High,Export
O1015,PR5,3394,2024-05-28,Low,Export
O1016,PR1,4690,2024-05-30,High,Export
O1017,PR1,3389,2024-04-17,High,Domestic
O1018,PR4,4960,2024-02-15,Low,Domestic
O1019,PR3,4359,2024-04-26,High,Export
O1020,PR5,2056,2024-05-17,Medium,Export
O1021,PR4,512,2024-05-23,Medium,Domestic
O1022,PR1,2109,2024-05-09,High,Domestic
O1023,PR1,4761,2024-01-24,Low,Export
O1024,PR2,3159,2024-02-06,Medium,Domestic
O1025,PR4,2652,2024-03-27,Medium,Domestic
O1026,PR4,3293,2024-02-28,Medium,Export
O1027,PR3,3784,2024-03-19,Medium,Domestic
O1028,PR2,3507,2024-02-21,Medium,Domestic
O1029,PR4,1914,2024-05-21,Low,Domestic
O1030,PR2,2313,2024-06-15,Medium,Domestic
O1031,PR3,682,2024-04-23,High,Domestic
O1032,PR4,4026,2024-04-03,Low,Domestic
O1033,PR5,3875,2024-03-15,Low,Domestic
O1034,PR5,2298,2024-03-30,Low,Export
O1035,PR5,4225,2024-05-01,Medium,Export
O1036,PR4,666,2024-04-18,Low,Domestic
O1037,PR5,1352,2024-04-23,Medium,Export
O1038,PR4,1906,2024-01-29,Medium,Domestic
O1039,PR5,2969,2024-04-14,Medium,Domestic
O1040,PR2,3725,2024-02-03,Medium,Export
O1041,PR2,2304,2024-02-07,Low,Domestic
O1042,PR1,2171,2024-02-04,Medium,Export
O1043,PR4,1491,2024-02-20,High,Export
O1044,PR2,3459,2024-05-28,Low,Domestic
O1045,PR2,1206,2024-05-29,High,Domestic
O1046,PR3,1835,2024-02-13,Medium,Export
O1047,PR2,1092,2024-04-05,Medium,Export
O1048,PR4,2128,2024-04-11,Low,Domestic
O1049,PR5,4918,2024-06-13,Medium,Domestic
O1050,PR4,3547,2024-02-22,High,Export
O1051,PR1,822,2024-05-10,Low,Domestic
O1052,PR4,3914,2024-02-04,Medium,Export
O1053,PR2,2032,2024-02-24,Medium,Domestic
O1054,PR4,3929,2024-05-12,Low,Domestic
O1055,PR3,2879,2024-05-02,High,Export
O1056,PR2,4742,2024-04-27,Low,Domestic
O1057,PR2,3207,2024-04-23,High,Domestic
O1058,PR2,3257,2024-04-24,Medium,Export
O1059,PR4,2696,2024-04-23,High,Export
O1060,PR3,4862,2024-01-14,Medium,Domestic
O1061,PR2,1178,2024-05-09,Medium,Export
O1062,PR4,2965,2024-05-28,Medium,Domestic
O1063,PR3,1196,2024-02-08,High,Export
O1064,PR4,1759,2024-04-28,Medium,Export
O1065,PR3,1016,2024-02-29,Low,Export
O1066,PR1,919,2024-03-20,Low,Domestic
O1067,PR4,4166,2024-06-03,Medium,Domestic
O1068,PR2,2950,2024-04-09,Medium,Export
O1069,PR5,2265,2024-02-14,Medium,Domestic
O1070,PR1,4002,2024-01-29,Low,Domestic
O1071,PR2,2246,2024-05-03,High,Domestic
O1072,PR1,4270,2024-06-05,Medium,Export
O1073,PR5,1644,2024-04-13,Medium,Domestic
O1074,PR5,2965,2024-06-06,High,Export
O1075,PR2,4689,2024-01-30,Medium,Export
O1076,PR5,1420,2024-02-10,Medium,Export
O1077,PR3,3831,2024-02-11,High,Export
O1078,PR1,2408,2024-03-03,High,Export
O1079,PR2,2616,2024-03-10,Medium,Domestic
O1080,PR4,757,2024-05-30,Low,Domestic
O1081,PR2,2228,2024-04-20,Medium,Domestic
O1082,PR4,4433,2024-04-28,Medium,Domestic
O1083,PR3,1383,2024-02-07,Medium,Domestic
O1084,PR2,2132,2024-04-17,Medium,Domestic
O1085,PR5,3026,2024-02-05,High,Domestic
O1086,PR1,1525,2024-05-01,Low,Domestic
O1087,PR4,3173,2024-02-04,Medium,Domestic
O1088,PR1,2748,2024-03-10,Medium,Export
O1089,PR4,4336,2024-05-01,Medium,Export
O1090,PR3,1535,2024-04-23,High,Export
O1091,PR2,1607,2024-01-19,Low,Domestic
O1092,PR3,2182,2024-02-05,Medium,Export
O1093,PR3,797,2024-03-05,Medium,Export
O1094,PR1,4275,2024-04-16,High,Export
O1095,PR4,895,2024-03-06,Medium,Domestic
O1096,PR2,2491,2024-05-17,Medium,Export
O1097,PR1,4662,2024-03-04,Low,Domestic
O1098,PR5,510,2024-04-26,Medium,Export
O1099,PR1,3110,2024-03-16,Low,Export
O1100,PR5,887,2024-05-26,Low,Export
O1101,PR3,2997,2024-01-23,Low,Export
O1102,PR4,3889,2024-02-13,Medium,Domestic
O1103,PR4,2548,2024-02-01,Low,Domestic
O1104,PR4,1504,2024-03-26,Low,Export
O1105,PR4,4227,2024-04-20,Medium,Domestic
O1106,PR1,4633,2024-03-12,Low,Export
O1107,PR2,3210,2024-04-24,Medium,Export
O1108,PR5,4040,2024-02-12,High,Export
O1109,PR5,776,2024-05-08,Medium,Domestic
O1110,PR5,3839,2024-02-28,Medium,Export
O1111,PR2,2582,2024-05-10,Medium,Export
O1112,PR1,1336,2024-03-16,High,Export
O1113,PR3,745,2024-05-08,Medium,Domestic
O1114,PR2,1523,2024-06-27,High,Export
O1115,PR3,4595,2024-01-26,High,Export
O1116,PR3,4116,2024-05-16,Low,Export
O1117,PR2,4769,2024-02-11,Medium,Export
O1118,PR1,1876,2024-05-06,Medium,Domestic
O1119,PR2,4577,2024-04-25,Medium,Export
O1120,PR4,1173,2024-04-08,Medium,Domestic
O1121,PR3,2107,2024-05-01,Medium,Domestic
O1122,PR1,4996,2024-06-02,Low,Export
O1123,PR2,3995,2024-01-17,High,Export
O1124,PR2,4244,2024-05-24,Medium,Export
O1125,PR2,2293,2024-01-23,Medium,Domestic
O1126,PR1,871,2024-03-11,Low,Domestic
O1127,PR2,3607,2024-01-29,Medium,Domestic
O1128,PR4,4943,2024-04-16,High,Domestic
O1129,PR3,1797,2024-04-11,Medium,Export
O1130,PR1,4002,2024-03-06,Medium,Domestic
O1131,PR2,975,2024-06-15,High,Export
O1132,PR5,3117,2024-03-11,Medium,Export
O1133,PR4,4300,2024-02-25,Medium,Export
O1134,PR1,2571,2024-04-03,High,Domestic
O1135,PR4,3057,2024-05-04,Medium,Domestic
O1136,PR1,1812,2024-01-26,Low,Domestic
O1137,PR2,940,2024-06-01,Medium,Export
O1138,PR2,549,2024-02-23,Low,Domestic
O1139,PR4,4475,2024-04-15,High,Export
O1140,PR1,2524,2024-03-30,Medium,Export
O1141,PR5,943,2024-01-27,High,Export
O1142,PR3,4184,2024-04-28,Medium,Export
O1143,PR4,3275,2024-01-13,High,Export
O1144,PR1,3800,2024-02-13,High,Export
O1145,PR2,3439,2024-03-10,Low,Export
O1146,PR3,2675,2024-03-24,High,Domestic
O1147,PR2,768,2024-06-15,Medium,Domestic
O1148,PR1,2054,2024-02-02,High,Domestic
O1149,PR3,4501,2024-05-28,High,Domestic
O1150,PR3,1888,2024-02-29,Medium,Domestic
O1151,PR1,2595,2024-06-13,High,Domestic
O1152,PR2,4405,2024-01-25,Medium,Domestic
O1153,PR4,2113,2024-06-06,Low,Export
O1154,PR2,4635,2024-04-12,Medium,Domestic
O1155,PR3,2577,2024-05-14,High,Export
O1156,PR4,2137,2024-02-10,Low,Domestic
O1157,PR3,2137,2024-02-15,Low,Domestic
O1158,PR2,4745,2024-04-22,Medium,Export
O1159,PR4,1550,2024-03-20,Low,Export
O1160,PR1,1460,2024-04-25,Medium,Export
O1161,PR1,3227,2024-03-27,Low,Export
O1162,PR2,1227,2024-02-14,Medium,Export
O1163,PR5,3966,2024-05-08,Medium,Export
O1164,PR2,823,2024-03-05,Medium,Domestic
O1165,PR4,3176,2024-03-30,Medium,Export
O1166,PR3,1594,2024-04-02,Medium,Export
O1167,PR1,1887,2024-02-11,High,Domestic
O1168,PR1,4977,2024-02-03,Medium,Domestic
O1169,PR2,1048,2024-03-08,Low,Export
O1170,PR4,3281,2024-04-25,Low,Export
O1171,PR3,3072,2024-05-04,High,Export
O1172,PR2,3176,2024-03-29,Low,Domestic
O1173,PR3,2936,2024-01-28,Medium,Export
O1174,PR1,1577,2024-05-11,Medium,Export
O1175,PR4,4179,2024-01-12,Medium,Domestic
O1176,PR2,3592,2024-03-26,Low,Export
O1177,PR4,3591,2024-04-22,High,Domestic
O1178,PR5,4678,2024-05-31,High,Export
O1179,PR4,3604,2024-06-26,High,Export
O1180,PR2,1703,2024-02-22,Low,Export
O1181,PR1,2945,2024-05-22,Medium,Domestic
O1182,PR4,3494,2024-04-25,High,Export
O1183,PR2,2874,2024-01-17,Low,Export
O1184,PR5,3135,2024-06-15,Medium,Domestic
O1185,PR3,3753,2024-02-06,High,Export
O1186,PR2,2373,2024-03-17,Low,Domestic
O1187,PR5,1105,2024-01-26,Low,Export
O1188,PR5,1671,2024-01-31,Medium,Export
O1189,PR3,3866,2024-06-08,Low,Domestic
O1190,PR5,3107,2024-02-14,Medium,Domestic
O1191,PR3,2808,2024-05-06,Medium,Export
O1192,PR1,1126,2024-05-24,Medium,Export
O1193,PR3,2224,2024-05-28,Low,Export
O1194,PR3,514,2024-02-20,Low,Export
O1195,PR4,4223,2024-04-01,Low,Domestic
O1196,PR5,2531,2024-02-08,High,Export
O1197,PR4,1428,2024-05-10,Medium,Export
O1198,PR4,4359,2024-02-28,Medium,Domestic
O1199,PR5,1030,2024-04-23,Low,Export
O1200,PR5,1233,2024-04-18,Medium,Domestic
